{
    "rmse": 0.6210888339558928,
    "mae": 0.4945977492082838,
    "r2": 0.32499911050993646
}